steady_state,growth_rate,theta
-15.522308452599521,0.00243807896292438,5.0018
