steady_state,transition_path,growth_rate,theta
7.6517416240797775,9.023466937515078,0.008570416914745884,5.0018
