{"parameters":{"θ":4.989,"κ":0.1042,"χ":0.1268472125325046,"μ":-0.0311,"υ":0.0483,"σ":3.1669,"ζ":1,"δ":0.02,"ρ":0.0203,"N":10,"γ":1.0,"η":0.0,"Theta":1,"d_0":3.0225,"d_T":2.8202},"settings":{"z_ex":[0.0,0.0011235955056179776,0.0022471910112359553,0.0033707865168539327,0.0044943820224719105,0.0056179775280898875,0.006741573033707865,0.007865168539325843,0.008988764044943821,0.010112359550561797,0.011235955056179775,0.012359550561797753,0.01348314606741573,0.014606741573033709,0.015730337078651686,0.016853932584269662,0.017977528089887642,0.019101123595505618,0.020224719101123594,0.021348314606741574,0.02247191011235955,0.02359550561797753,0.024719101123595506,0.025842696629213482,0.02696629213483146,0.028089887640449437,0.029213483146067417,0.030337078651685393,0.03146067415730337,0.03258426966292135,0.033707865168539325,0.0348314606741573,0.035955056179775284,0.03707865168539326,0.038202247191011236,0.03932584269662921,0.04044943820224719,0.04157303370786517,0.04269662921348315,0.043820224719101124,0.0449438202247191,0.046067415730337076,0.04719101123595506,0.048314606741573035,0.04943820224719101,0.05056179775280899,0.051685393258426963,0.052808988764044947,0.05393258426966292,0.0550561797752809,0.056179775280898875,0.05730337078651685,0.058426966292134834,0.05955056179775281,0.060674157303370786,0.06179775280898876,0.06292134831460675,0.06404494382022471,0.0651685393258427,0.06629213483146068,0.06741573033707865,0.06853932584269663,0.0696629213483146,0.07078651685393259,0.07191011235955057,0.07303370786516854,0.07415730337078652,0.07528089887640449,0.07640449438202247,0.07752808988764046,0.07865168539325842,0.07977528089887641,0.08089887640449438,0.08202247191011236,0.08314606741573034,0.08426966292134831,0.0853932584269663,0.08651685393258426,0.08764044943820225,0.08876404494382023,0.0898876404494382,0.09101123595505618,0.09213483146067415,0.09325842696629214,0.09438202247191012,0.09550561797752809,0.09662921348314607,0.09775280898876404,0.09887640449438202,0.1,0.10756302521008404,0.11512605042016806,0.1226890756302521,0.13025210084033614,0.13781512605042018,0.1453781512605042,0.15294117647058825,0.16050420168067228,0.16806722689075632,0.17563025210084032,0.18319327731092436,0.1907563025210084,0.19831932773109243,0.20588235294117646,0.2134453781512605,0.22100840336134453,0.22857142857142856,0.2361344537815126,0.24369747899159663,0.25126050420168067,0.25882352941176473,0.26638655462184874,0.2739495798319328,0.2815126050420168,0.28907563025210087,0.2966386554621849,0.3042016806722689,0.31176470588235294,0.31932773109243695,0.326890756302521,0.334453781512605,0.3420168067226891,0.3495798319327731,0.35714285714285715,0.36470588235294116,0.3722689075630252,0.3798319327731092,0.3873949579831933,0.3949579831932773,0.40252100840336136,0.41008403361344536,0.4176470588235294,0.42521008403361343,0.4327731092436975,0.4403361344537815,0.44789915966386556,0.45546218487394957,0.46302521008403363,0.47058823529411764,0.4781512605042017,0.4857142857142857,0.49327731092436977,0.5008403361344538,0.5084033613445378,0.5159663865546219,0.5235294117647059,0.5310924369747899,0.5386554621848739,0.5462184873949579,0.553781512605042,0.561344537815126,0.5689075630252101,0.5764705882352941,0.5840336134453782,0.5915966386554622,0.5991596638655462,0.6067226890756302,0.6142857142857143,0.6218487394957983,0.6294117647058823,0.6369747899159663,0.6445378151260505,0.6521008403361345,0.6596638655462185,0.6672268907563025,0.6747899159663866,0.6823529411764706,0.6899159663865546,0.6974789915966386,0.7050420168067227,0.7126050420168067,0.7201680672268908,0.7277310924369748,0.7352941176470589,0.7428571428571429,0.7504201680672269,0.7579831932773109,0.7655462184873949,0.773109243697479,0.780672268907563,0.788235294117647,0.795798319327731,0.8033613445378152,0.8109243697478992,0.8184873949579832,0.8260504201680672,0.8336134453781513,0.8411764705882353,0.8487394957983193,0.8563025210084033,0.8638655462184874,0.8714285714285714,0.8789915966386554,0.8865546218487395,0.8941176470588236,0.9016806722689076,0.9092436974789916,0.9168067226890756,0.9243697478991597,0.9319327731092437,0.9394957983193277,0.9470588235294117,0.9546218487394958,0.9621848739495799,0.9697478991596639,0.9773109243697479,0.984873949579832,0.992436974789916,1.0,1.0677966101694916,1.1355932203389831,1.2033898305084745,1.271186440677966,1.3389830508474576,1.4067796610169492,1.4745762711864407,1.5423728813559323,1.6101694915254237,1.6779661016949152,1.7457627118644068,1.8135593220338984,1.88135593220339,1.9491525423728813,2.016949152542373,2.0847457627118646,2.152542372881356,2.2203389830508473,2.288135593220339,2.3559322033898304,2.4237288135593222,2.4915254237288136,2.559322033898305,2.6271186440677967,2.694915254237288,2.76271186440678,2.830508474576271,2.8983050847457625,2.9661016949152543,3.0338983050847457,3.1016949152542375,3.169491525423729,3.23728813559322,3.305084745762712,3.3728813559322033,3.440677966101695,3.5084745762711864,3.5762711864406778,3.6440677966101696,3.711864406779661,3.7796610169491527,3.847457627118644,3.9152542372881354,3.983050847457627,4.0508474576271185,4.11864406779661,4.186440677966102,4.254237288135593,4.322033898305085,4.389830508474576,4.4576271186440675,4.52542372881356,4.593220338983051,4.661016949152542,4.728813559322034,4.796610169491525,4.864406779661017,4.932203389830509,5.0],"T":75.0,"tstops":[0.0,0.25,0.5,0.75,1.0,1.25,1.5,1.75,2.0,2.25,2.5,2.75,3.0,3.25,3.5,3.75,4.0,4.25,4.5,4.75,5.0,5.25,5.5,5.75,6.0,6.25,6.5,6.75,7.0,7.25,7.5,7.75,8.0,8.25,8.5,8.75,9.0,9.25,9.5,9.75,10.0,10.5,11.0,11.5,12.0,12.5,13.0,13.5,14.0,14.5,15.0,15.5,16.0,16.5,17.0,17.5,18.0,18.5,19.0,19.5,20.0,21.0,22.0,23.0,24.0,25.0,26.0,27.0,28.0,29.0,30.0,31.0,32.0,33.0,34.0,35.0,36.0,37.0,38.0,39.0,40.0,41.0,42.0,43.0,44.0,45.0,46.0,47.0,48.0,49.0,50.0,51.0,52.0,53.0,54.0,55.0,56.0,57.0,58.0,59.0,60.0,61.0,62.0,63.0,64.0,65.0,66.0,67.0,68.0,69.0,70.0,71.0,72.0,73.0,74.0,75.0],"interp":"typeof(Interpolations.LinearInterpolation)","stationary_x0":"typeof(default_stationary_x0)","pre_shock_times":[-1,-5,-10,-15,-20],"fixedpoint_ftol":1.0e-8,"fixedpoint_show_trace":false,"fixedpoint_m":5,"fixedpoint_beta":1.0,"fixedpoint_iterations":500,"fixedpoint_x0":"typeof(default_fixedpoint_x0)"}}