{"parameters":{"ρ":0.0215,"σ":3.1725,"N":10,"θ":5.0018,"γ":1.0,"κ":0.0732,"ζ":1.0,"η":0.0,"Theta":1,"χ":0.1678500092317505,"υ":0.0484,"μ":-0.0189,"δ":0.02,"d_0":3.0426,"d_T":2.83834},"settings":{"z_ex":[0.0,0.0006711409395973154,0.0013422818791946308,0.0020134228187919465,0.0026845637583892616,0.003355704697986577,0.004026845637583893,0.004697986577181208,0.005369127516778523,0.006040268456375839,0.006711409395973154,0.00738255033557047,0.008053691275167786,0.0087248322147651,0.009395973154362415,0.010067114093959731,0.010738255033557046,0.011409395973154362,0.012080536912751677,0.012751677852348993,0.013422818791946308,0.014093959731543624,0.01476510067114094,0.015436241610738255,0.016107382550335572,0.016778523489932886,0.0174496644295302,0.018120805369127517,0.01879194630872483,0.019463087248322148,0.020134228187919462,0.02080536912751678,0.021476510067114093,0.02214765100671141,0.022818791946308724,0.02348993288590604,0.024161073825503355,0.024832214765100672,0.025503355704697986,0.026174496644295303,0.026845637583892617,0.027516778523489934,0.028187919463087248,0.028859060402684565,0.02953020134228188,0.030201342281879196,0.03087248322147651,0.03154362416107383,0.032214765100671144,0.032885906040268455,0.03355704697986577,0.03422818791946309,0.0348993288590604,0.03557046979865772,0.036241610738255034,0.03691275167785235,0.03758389261744966,0.03825503355704698,0.038926174496644296,0.03959731543624161,0.040268456375838924,0.04093959731543624,0.04161073825503356,0.042281879194630875,0.042953020134228186,0.0436241610738255,0.04429530201342282,0.04496644295302014,0.04563758389261745,0.046308724832214765,0.04697986577181208,0.0476510067114094,0.04832214765100671,0.04899328859060403,0.049664429530201344,0.050335570469798654,0.05100671140939597,0.05167785234899329,0.052348993288590606,0.053020134228187916,0.053691275167785234,0.05436241610738255,0.05503355704697987,0.05570469798657718,0.056375838926174496,0.05704697986577181,0.05771812080536913,0.05838926174496644,0.05906040268456376,0.059731543624161075,0.06040268456375839,0.0610738255033557,0.06174496644295302,0.06241610738255034,0.06308724832214765,0.06375838926174497,0.06442953020134229,0.06510067114093959,0.06577181208053691,0.06644295302013423,0.06711409395973154,0.06778523489932886,0.06845637583892618,0.0691275167785235,0.0697986577181208,0.07046979865771812,0.07114093959731543,0.07181208053691275,0.07248322147651007,0.07315436241610739,0.0738255033557047,0.07449664429530202,0.07516778523489932,0.07583892617449664,0.07651006711409396,0.07718120805369127,0.07785234899328859,0.07852348993288591,0.07919463087248323,0.07986577181208054,0.08053691275167785,0.08120805369127516,0.08187919463087248,0.0825503355704698,0.08322147651006712,0.08389261744966443,0.08456375838926175,0.08523489932885905,0.08590604026845637,0.08657718120805369,0.087248322147651,0.08791946308724832,0.08859060402684564,0.08926174496644296,0.08993288590604027,0.09060402684563758,0.0912751677852349,0.09194630872483221,0.09261744966442953,0.09328859060402685,0.09395973154362416,0.09463087248322148,0.0953020134228188,0.0959731543624161,0.09664429530201342,0.09731543624161074,0.09798657718120805,0.09865771812080537,0.09932885906040269,0.1,0.10909090909090909,0.11818181818181818,0.12727272727272726,0.13636363636363635,0.14545454545454545,0.15454545454545454,0.16363636363636364,0.17272727272727273,0.18181818181818182,0.19090909090909092,0.2,0.20909090909090908,0.21818181818181817,0.22727272727272727,0.23636363636363636,0.24545454545454545,0.2545454545454545,0.2636363636363636,0.2727272727272727,0.2818181818181818,0.2909090909090909,0.3,0.3090909090909091,0.3181818181818182,0.32727272727272727,0.33636363636363636,0.34545454545454546,0.35454545454545455,0.36363636363636365,0.37272727272727274,0.38181818181818183,0.39090909090909093,0.4,0.4090909090909091,0.41818181818181815,0.42727272727272725,0.43636363636363634,0.44545454545454544,0.45454545454545453,0.4636363636363636,0.4727272727272727,0.4818181818181818,0.4909090909090909,0.5,0.509090909090909,0.5181818181818182,0.5272727272727272,0.5363636363636364,0.5454545454545454,0.5545454545454546,0.5636363636363636,0.5727272727272728,0.5818181818181818,0.5909090909090909,0.6,0.6090909090909091,0.6181818181818182,0.6272727272727273,0.6363636363636364,0.6454545454545455,0.6545454545454545,0.6636363636363637,0.6727272727272727,0.6818181818181818,0.6909090909090909,0.7,0.7090909090909091,0.7181818181818181,0.7272727272727273,0.7363636363636363,0.7454545454545455,0.7545454545454545,0.7636363636363637,0.7727272727272727,0.7818181818181819,0.7909090909090909,0.8,0.8090909090909091,0.8181818181818182,0.8272727272727273,0.8363636363636363,0.8454545454545455,0.8545454545454545,0.8636363636363636,0.8727272727272727,0.8818181818181818,0.8909090909090909,0.9,0.9090909090909091,0.9181818181818182,0.9272727272727272,0.9363636363636364,0.9454545454545454,0.9545454545454546,0.9636363636363636,0.9727272727272728,0.9818181818181818,0.990909090909091,1.0,1.0816326530612246,1.163265306122449,1.2448979591836735,1.3265306122448979,1.4081632653061225,1.489795918367347,1.5714285714285714,1.653061224489796,1.7346938775510203,1.816326530612245,1.8979591836734695,1.9795918367346939,2.061224489795918,2.142857142857143,2.2244897959183674,2.306122448979592,2.3877551020408165,2.4693877551020407,2.5510204081632653,2.63265306122449,2.7142857142857144,2.795918367346939,2.877551020408163,2.9591836734693877,3.0408163265306123,3.122448979591837,3.204081632653061,3.2857142857142856,3.36734693877551,3.4489795918367347,3.5306122448979593,3.6122448979591835,3.693877551020408,3.7755102040816326,3.857142857142857,3.938775510204082,4.020408163265306,4.1020408163265305,4.183673469387755,4.26530612244898,4.346938775510204,4.428571428571429,4.510204081632653,4.591836734693878,4.673469387755102,4.755102040816326,4.836734693877551,4.918367346938775,5.0],"T":75.0,"tstops":[0.0,0.25,0.5,0.75,1.0,1.25,1.5,1.75,2.0,2.25,2.5,2.75,3.0,3.25,3.5,3.75,4.0,4.25,4.5,4.75,5.0,5.25,5.5,5.75,6.0,6.25,6.5,6.75,7.0,7.25,7.5,7.75,8.0,8.25,8.5,8.75,9.0,9.25,9.5,9.75,10.0,10.5,11.0,11.5,12.0,12.5,13.0,13.5,14.0,14.5,15.0,15.5,16.0,16.5,17.0,17.5,18.0,18.5,19.0,19.5,20.0,21.0,22.0,23.0,24.0,25.0,26.0,27.0,28.0,29.0,30.0,31.0,32.0,33.0,34.0,35.0,36.0,37.0,38.0,39.0,40.0,41.0,42.0,43.0,44.0,45.0,46.0,47.0,48.0,49.0,50.0,51.0,52.0,53.0,54.0,55.0,56.0,57.0,58.0,59.0,60.0,61.0,62.0,63.0,64.0,65.0,66.0,67.0,68.0,69.0,70.0,71.0,72.0,73.0,74.0,75.0],"interp":"typeof(Interpolations.LinearInterpolation)","stationary_x0":"typeof(default_stationary_x0)","pre_shock_times":[-1,-5,-10,-15,-20],"fixedpoint_ftol":1.0e-8,"fixedpoint_show_trace":false,"fixedpoint_m":5,"fixedpoint_beta":1.0,"fixedpoint_iterations":500,"fixedpoint_x0":"typeof(default_fixedpoint_x0)"}}