{"z_max":5,"z_ex":[0.0,0.002564102564102564,0.005128205128205128,0.007692307692307693,0.010256410256410256,0.01282051282051282,0.015384615384615385,0.017948717948717947,0.020512820512820513,0.023076923076923078,0.02564102564102564,0.028205128205128206,0.03076923076923077,0.03333333333333333,0.035897435897435895,0.038461538461538464,0.041025641025641026,0.04358974358974359,0.046153846153846156,0.04871794871794872,0.05128205128205128,0.05384615384615385,0.05641025641025641,0.05897435897435897,0.06153846153846154,0.0641025641025641,0.06666666666666667,0.06923076923076923,0.07179487179487179,0.07435897435897436,0.07692307692307693,0.07948717948717948,0.08205128205128205,0.08461538461538462,0.08717948717948718,0.08974358974358974,0.09230769230769231,0.09487179487179487,0.09743589743589744,0.1,0.12307692307692308,0.14615384615384616,0.16923076923076924,0.19230769230769232,0.2153846153846154,0.23846153846153847,0.26153846153846155,0.2846153846153846,0.3076923076923077,0.33076923076923076,0.35384615384615387,0.3769230769230769,0.4,0.4230769230769231,0.4461538461538462,0.46923076923076923,0.49230769230769234,0.5153846153846153,0.5384615384615384,0.5615384615384615,0.5846153846153846,0.6076923076923076,0.6307692307692307,0.6538461538461539,0.676923076923077,0.7,0.7230769230769231,0.7461538461538462,0.7692307692307693,0.7923076923076923,0.8153846153846154,0.8384615384615385,0.8615384615384616,0.8846153846153846,0.9076923076923077,0.9307692307692308,0.9538461538461539,0.9769230769230769,1.0,1.0404040404040404,1.0808080808080809,1.121212121212121,1.1616161616161615,1.202020202020202,1.2424242424242424,1.2828282828282829,1.3232323232323233,1.3636363636363635,1.404040404040404,1.4444444444444444,1.4848484848484849,1.5252525252525253,1.5656565656565657,1.606060606060606,1.6464646464646464,1.6868686868686869,1.7272727272727273,1.7676767676767677,1.8080808080808082,1.8484848484848484,1.8888888888888888,1.9292929292929293,1.9696969696969697,2.01010101010101,2.0505050505050506,2.090909090909091,2.1313131313131315,2.1717171717171717,2.212121212121212,2.2525252525252526,2.292929292929293,2.3333333333333335,2.3737373737373737,2.414141414141414,2.4545454545454546,2.494949494949495,2.5353535353535355,2.5757575757575757,2.6161616161616164,2.6565656565656566,2.696969696969697,2.7373737373737375,2.7777777777777777,2.8181818181818183,2.8585858585858586,2.898989898989899,2.9393939393939394,2.9797979797979797,3.0202020202020203,3.0606060606060606,3.101010101010101,3.1414141414141414,3.1818181818181817,3.2222222222222223,3.2626262626262625,3.303030303030303,3.3434343434343434,3.3838383838383836,3.4242424242424243,3.4646464646464645,3.505050505050505,3.5454545454545454,3.585858585858586,3.6262626262626263,3.6666666666666665,3.707070707070707,3.7474747474747474,3.787878787878788,3.8282828282828283,3.8686868686868685,3.909090909090909,3.9494949494949494,3.98989898989899,4.03030303030303,4.070707070707071,4.111111111111111,4.151515151515151,4.191919191919192,4.232323232323233,4.2727272727272725,4.313131313131313,4.353535353535354,4.393939393939394,4.434343434343434,4.474747474747475,4.515151515151516,4.555555555555555,4.595959595959596,4.636363636363637,4.6767676767676765,4.717171717171717,4.757575757575758,4.797979797979798,4.838383838383838,4.878787878787879,4.91919191919192,4.959595959595959,5.0],"z":[0.002564102564102564,0.005128205128205128,0.007692307692307693,0.010256410256410256,0.01282051282051282,0.015384615384615385,0.017948717948717947,0.020512820512820513,0.023076923076923078,0.02564102564102564,0.028205128205128206,0.03076923076923077,0.03333333333333333,0.035897435897435895,0.038461538461538464,0.041025641025641026,0.04358974358974359,0.046153846153846156,0.04871794871794872,0.05128205128205128,0.05384615384615385,0.05641025641025641,0.05897435897435897,0.06153846153846154,0.0641025641025641,0.06666666666666667,0.06923076923076923,0.07179487179487179,0.07435897435897436,0.07692307692307693,0.07948717948717948,0.08205128205128205,0.08461538461538462,0.08717948717948718,0.08974358974358974,0.09230769230769231,0.09487179487179487,0.09743589743589744,0.1,0.12307692307692308,0.14615384615384616,0.16923076923076924,0.19230769230769232,0.2153846153846154,0.23846153846153847,0.26153846153846155,0.2846153846153846,0.3076923076923077,0.33076923076923076,0.35384615384615387,0.3769230769230769,0.4,0.4230769230769231,0.4461538461538462,0.46923076923076923,0.49230769230769234,0.5153846153846153,0.5384615384615384,0.5615384615384615,0.5846153846153846,0.6076923076923076,0.6307692307692307,0.6538461538461539,0.676923076923077,0.7,0.7230769230769231,0.7461538461538462,0.7692307692307693,0.7923076923076923,0.8153846153846154,0.8384615384615385,0.8615384615384616,0.8846153846153846,0.9076923076923077,0.9307692307692308,0.9538461538461539,0.9769230769230769,1.0,1.0404040404040404,1.0808080808080809,1.121212121212121,1.1616161616161615,1.202020202020202,1.2424242424242424,1.2828282828282829,1.3232323232323233,1.3636363636363635,1.404040404040404,1.4444444444444444,1.4848484848484849,1.5252525252525253,1.5656565656565657,1.606060606060606,1.6464646464646464,1.6868686868686869,1.7272727272727273,1.7676767676767677,1.8080808080808082,1.8484848484848484,1.8888888888888888,1.9292929292929293,1.9696969696969697,2.01010101010101,2.0505050505050506,2.090909090909091,2.1313131313131315,2.1717171717171717,2.212121212121212,2.2525252525252526,2.292929292929293,2.3333333333333335,2.3737373737373737,2.414141414141414,2.4545454545454546,2.494949494949495,2.5353535353535355,2.5757575757575757,2.6161616161616164,2.6565656565656566,2.696969696969697,2.7373737373737375,2.7777777777777777,2.8181818181818183,2.8585858585858586,2.898989898989899,2.9393939393939394,2.9797979797979797,3.0202020202020203,3.0606060606060606,3.101010101010101,3.1414141414141414,3.1818181818181817,3.2222222222222223,3.2626262626262625,3.303030303030303,3.3434343434343434,3.3838383838383836,3.4242424242424243,3.4646464646464645,3.505050505050505,3.5454545454545454,3.585858585858586,3.6262626262626263,3.6666666666666665,3.707070707070707,3.7474747474747474,3.787878787878788,3.8282828282828283,3.8686868686868685,3.909090909090909,3.9494949494949494,3.98989898989899,4.03030303030303,4.070707070707071,4.111111111111111,4.151515151515151,4.191919191919192,4.232323232323233,4.2727272727272725,4.313131313131313,4.353535353535354,4.393939393939394,4.434343434343434,4.474747474747475,4.515151515151516,4.555555555555555,4.595959595959596,4.636363636363637,4.6767676767676765,4.717171717171717,4.757575757575758,4.797979797979798,4.838383838383838,4.878787878787879,4.91919191919192,4.959595959595959],"Δ_E":1.0e-6,"ode_solve_algorithm":{"jac_upper":0,"jac_lower":0,"stored_upper":0,"krylov_dim":0,"stability_limit_detect":false,"max_hnil_warns":10,"max_order":5,"max_error_test_failures":7,"max_nonlinear_iters":3,"max_convergence_failures":10},"T":75.0,"t":[0.0,8.333333333333334,16.666666666666668,25.0,33.333333333333336,41.666666666666664,50.0,58.333333333333336,66.66666666666667,75.0],"g":[0.01669494476588345,0.02669494476588344,0.03669494476588343,0.04669494476588344,0.05669494476588345,0.06669494476588343,0.07669494476588344,0.08669494476588344,0.09669494476588344,0.10669494476588345],"weights":[10.0,1.0,1.0,1.0,1.0,1.0,1.0,1.0,1.0,1.0,1.0,1.0,1.0,1.0],"transition_x0":[-0.8738884967642274,-0.5125465450602664,-0.31163166531947395,-0.1789036699964298,-0.09444764803478085,-0.06676386406358947,-0.03212999344363521,-0.031163943690287882,-0.02126451604463498,-0.006571948963575373,-0.004883226411956144,-0.004613812088943909,-0.003969056948433287,-0.00037064145316761054,-0.0002608582052007029],