{"parameters":{"ρ":0.0215,"σ":3.1725,"N":10,"θ":5.0018,"γ":1.0,"κ":0.0732,"ζ":1.0,"η":0.0,"Theta":1,"χ":0.1678500092317505,"υ":0.0484,"μ":-0.0189,"δ":0.02,"d_0":3.0426,"d_T":2.83834},"settings":{"z_ex":[0.0,0.0020408163265306124,0.004081632653061225,0.006122448979591836,0.00816326530612245,0.01020408163265306,0.012244897959183673,0.014285714285714285,0.0163265306122449,0.018367346938775512,0.02040816326530612,0.022448979591836733,0.024489795918367346,0.026530612244897958,0.02857142857142857,0.030612244897959183,0.0326530612244898,0.03469387755102041,0.036734693877551024,0.03877551020408163,0.04081632653061224,0.04285714285714286,0.044897959183673466,0.04693877551020408,0.04897959183673469,0.05102040816326531,0.053061224489795916,0.05510204081632653,0.05714285714285714,0.05918367346938776,0.061224489795918366,0.06326530612244897,0.0653061224489796,0.0673469387755102,0.06938775510204082,0.07142857142857142,0.07346938775510205,0.07551020408163266,0.07755102040816327,0.07959183673469387,0.08163265306122448,0.0836734693877551,0.08571428571428572,0.08775510204081632,0.08979591836734693,0.09183673469387756,0.09387755102040816,0.09591836734693877,0.09795918367346938,0.1,0.14736842105263157,0.19473684210526315,0.24210526315789474,0.2894736842105263,0.3368421052631579,0.38421052631578945,0.43157894736842106,0.4789473684210526,0.5263157894736842,0.5736842105263158,0.6210526315789474,0.6684210526315789,0.7157894736842105,0.7631578947368421,0.8105263157894737,0.8578947368421053,0.9052631578947369,0.9526315789473684,1.0,1.4444444444444444,1.8888888888888888,2.3333333333333335,2.7777777777777777,3.2222222222222223,3.6666666666666665,4.111111111111111,4.555555555555555,5.0],"T":75.0,"tstops":[0.0,0.5263157894736842,1.0526315789473684,1.5789473684210527,2.1052631578947367,2.6315789473684212,3.1578947368421053,3.6842105263157894,4.2105263157894735,4.7368421052631575,5.2631578947368425,5.7894736842105265,6.315789473684211,6.842105263157895,7.368421052631579,7.894736842105263,8.421052631578947,8.947368421052632,9.473684210526315,10.0,10.526315789473685,11.052631578947368,11.578947368421053,12.105263157894736,12.631578947368421,13.157894736842104,13.68421052631579,14.210526315789474,14.736842105263158,15.263157894736842,15.789473684210526,16.31578947368421,16.842105263157894,17.36842105263158,17.894736842105264,18.42105263157895,18.94736842105263,19.473684210526315,20.0,21.122448979591837,22.244897959183675,23.367346938775512,24.489795918367346,25.612244897959183,26.73469387755102,27.857142857142858,28.979591836734695,30.102040816326532,31.224489795918366,32.3469387755102,33.46938775510204,34.59183673469388,35.714285714285715,36.83673469387755,37.95918367346939,39.08163265306123,40.204081632653065,41.326530612244895,42.44897959183673,43.57142857142857,44.69387755102041,45.816326530612244,46.93877551020408,48.06122448979592,49.183673469387756,50.30612244897959,51.42857142857143,52.55102040816327,53.673469387755105,54.795918367346935,55.91836734693877,57.04081632653061,58.16326530612245,59.285714285714285,60.40816326530612,61.53061224489796,62.6530612244898,63.775510204081634,64.89795918367346,66.0204081632653,67.14285714285714,68.26530612244898,69.38775510204081,70.51020408163265,71.63265306122449,72.75510204081633,73.87755102040816,75.0],"interp":"typeof(Interpolations.LinearInterpolation)","stationary_x0":"typeof(default_stationary_x0)","pre_shock_times":[-1,-5,-10,-15,-20],"fixedpoint_ftol":1.0e-8,"fixedpoint_show_trace":false,"fixedpoint_m":5,"fixedpoint_beta":1.0,"fixedpoint_iterations":500,"fixedpoint_x0":"typeof(default_fixedpoint_x0)"}}