{"ρ":0.0215,"σ":3.1725,"N":10,"θ":5.0018,"γ":1.0,"κ":0.0732,"ζ":1.0,"η":0.0,"Theta":1,"χ":0.1678500092317505,"υ":0.0484,"μ":-0.0189,"δ":0.02,"d":2.8383400000000005}