steady_state,growth_rate,theta
-15.522308452599788,0.0024380789629244006,5.0018
