steady_state,growth_rate,theta
-16.948681676953825,0.004739728099982333,5.0018
