steady_state,growth_rate,theta
-15.98961702627667,0.0025147934209594643,5.0018
