steady_state,transition_path,growth_rate,theta
7.855134612676129,8.013099184355067,0.00883095999989418,5.0018
