steady_state,transition_path,growth_rate,theta
8.872613640962346,9.091664462327342,0.011490746933411435,5.0018
