steady_state,transition_path,growth_rate,theta
7.6517416240793334,-7.305686485275076,0.008570416914745886,5.0018
