steady_state,transition_path,growth_rate,theta
8.872613640803362,8.69627133112727,0.011490746933411435,5.0018
